Workbook

Sheet experiment_data
A1: user_id | B1: signup_date | C1: experiment_group | D1: region | E1: device_type | F1: traffic_source | G1: plan_type | H1: visited_landing_page | I1: started_trial | J1: completed_onboarding | K1: converted_to_paid | L1: revenue_30d | M1: support_tickets_30d | N1: refund_requested | O1: days_to_convert | P1: engagement_score | Q1: control_converted | R1: treatment_converted
A2: USR-100001 | B2: 45732 | C2: Control | D2: North | E2: Desktop | F2: Email | G2: Basic | H2: 0 | I2: 0 | J2: 0 | K2: 0 | L2: 0 | M2: 0 | N2: 0 | P2: 45.7 | Q2: =IF(C2="Control",K2,"") -> 0 | R2: =IF(C2="Treatment",K2,"")
A3: USR-100002 | B3: 45724 | C3: Control | D3: West | E3: Mobile | F3: Organic | G3: Free | H3: 1 | I3: 0 | J3: 0 | K3: 0 | L3: 0 | M3: 0 | N3: 0 | P3: 48.6 | Q3: =IF(C3="Control",K3,"") -> 0 | R3: =IF(C3="Treatment",K3,"")
A4: USR-100003 | B4: 45771 | C4: Control | D4: East | E4: Mobile | F4: Paid Search | G4: Premium | H4: 1 | I4: 0 | J4: 0 | K4: 0 | L4: 0 | M4: 1 | N4: 0 | P4: 35.4 | Q4: =IF(C4="Control",K4,"") -> 0 | R4: =IF(C4="Treatment",K4,"")
A5: USR-100004 | B5: 45781 | C5: Control | D5: South | E5: Mobile | F5: Email | G5: Basic | H5: 1 | I5: 0 | J5: 0 | K5: 0 | L5: 0 | M5: 0 | N5: 0 | P5: 64.6 | Q5: =IF(C5="Control",K5,"") -> 0 | R5: =IF(C5="Treatment",K5,"")
A6: USR-100005 | B6: 45700 | C6: Control | D6: North | E6: Tablet | F6: Organic | G6: Free | H6: 0 | I6: 0 | J6: 0 | K6: 0 | L6: 0 | M6: 0 | N6: 0 | P6: 66.6 | Q6: =IF(C6="Control",K6,"") -> 0 | R6: =IF(C6="Treatment",K6,"")
A7: USR-100006 | B7: 45685 | C7: Control | D7: East | E7: Mobile | F7: Organic | G7: Premium | H7: 1 | I7: 0 | J7: 0 | K7: 0 | L7: 0 | M7: 0 | N7: 0 | P7: 40.8 | Q7: =IF(C7="Control",K7,"") -> 0 | R7: =IF(C7="Treatment",K7,"")
A8: USR-100007 | B8: 45755 | C8: Control | D8: East | E8: Mobile | F8: Paid Search | G8: Basic | H8: 1 | I8: 1 | J8: 0 | K8: 0 | L8: 0 | M8: 0 | N8: 0 | P8: 57.1 | Q8: =IF(C8="Control",K8,"") -> 0 | R8: =IF(C8="Treatment",K8,"")
A9: USR-100008 | B9: 45794 | C9: Control | D9: South | E9: Mobile | F9: Paid Search | G9: Free | H9: 0 | I9: 0 | J9: 0 | K9: 0 | L9: 0 | M9: 0 | N9: 0 | P9: 36.4 | Q9: =IF(C9="Control",K9,"") -> 0 | R9: =IF(C9="Treatment",K9,"")
A10: USR-100009 | B10: 45711 | C10: Control | D10: South | E10: Tablet | F10: Referral | G10: Basic | H10: 0 | I10: 0 | J10: 0 | K10: 0 | L10: 0 | M10: 0 | N10: 0 | P10: 55.4 | Q10: =IF(C10="Control",K10,"") -> 0 | R10: =IF(C10="Treatment",K10,"")
A11: USR-100010 | B11: 45806 | C11: Control | D11: West | E11: Desktop | F11: Social | G11: Free | H11: 1 | I11: 0 | J11: 0 | K11: 0 | L11: 0 | M11: 0 | N11: 0 | P11: 57.3 | Q11: =IF(C11="Control",K11,"") -> 0 | R11: =IF(C11="Treatment",K11,"")
A12: USR-100011 | B12: 45777 | C12: Control | D12: East | E12: Mobile | F12: Paid Search | G12: Basic | H12: 1 | I12: 1 | J12: 1 | K12: 0 | L12: 0 | M12: 0 | N12: 0 | P12: 63.6 | Q12: =IF(C12="Control",K12,"") -> 0 | R12: =IF(C12="Treatment",K12,"")
A13: USR-100012 | B13: 45732 | C13: Control | D13: East | E13: Mobile | F13: Social | G13: Premium | H13: 1 | I13: 1 | J13: 1 | K13: 0 | L13: 0 | M13: 1 | N13: 0 | P13: 80.4 | Q13: =IF(C13="Control",K13,"") -> 0 | R13: =IF(C13="Treatment",K13,"")
... A60: USR-100059 | B60: 45761 | C60: Control | D60: North | E60: Mobile | F60: Social | G60: Free | H60: 0 | I60: 0 | J60: 0 | K60: 0 | L60: 0 | M60: 2 | N60: 0 | P60: 48.9 | Q60: =IF(C60="Control",K60,"") -> 0 | R60: =IF(C60="Treatment",K60,"")
A61: USR-100060 | B61: 45658 | C61: Control | D61: West | E61: Mobile | F61: Social | G61: Free | H61: 1 | I61: 1 | J61: 1 | K61: 1 | L61: 240.42 | M61: 0 | N61: 0 | O61: 16 | P61: 56.5 | Q61: =IF(C61="Control",K61,"") -> 1 | R61: =IF(C61="Treatment",K61,"")
A62: USR-100061 | B62: 45749 | C62: Control | D62: South | E62: Mobile | F62: Referral | G62: Free | H62: 1 | I62: 0 | J62: 0 | K62: 0 | L62: 0 | M62: 0 | N62: 0 | P62: 53.7 | Q62: =IF(C62="Control",K62,"") -> 0 | R62: =IF(C62="Treatment",K62,"")
A63: USR-100062 | B63: 45745 | C63: Control | D63: North | E63: Mobile | F63: Social | G63: Premium | H63: 0 | I63: 0 | J63: 0 | K63: 0 | L63: 0 | M63: 0 | N63: 0 | P63: 62.2 | Q63: =IF(C63="Control",K63,"") -> 0 | R63: =IF(C63="Treatment",K63,"")
A64: USR-100063 | B64: 45792 | C64: Control | D64: South | E64: Desktop | F64: Organic | G64: Free | H64: 1 | I64: 0 | J64: 0 | K64: 0 | L64: 0 | M64: 0 | N64: 0 | P64: 50.2 | Q64: =IF(C64="Control",K64,"") -> 0 | R64: =IF(C64="Treatment",K64,"")
A65: USR-100064 | B65: 45758 | C65: Control | D65: North | E65: Mobile | F65: Organic | G65: Basic | H65: 1 | I65: 0 | J65: 0 | K65: 0 | L65: 0 | M65: 0 | N65: 0 | P65: 74.3 | Q65: =IF(C65="Control",K65,"") -> 0 | R65: =IF(C65="Treatment",K65,"")
A66: USR-100065 | B66: 45723 | C66: Control | D66: South | E66: Desktop | F66: Paid Search | G66: Free | H66: 1 | I66: 0 | J66: 0 | K66: 0 | L66: 0 | M66: 0 | N66: 0 | P66: 58 | Q66: =IF(C66="Control",K66,"") -> 0 | R66: =IF(C66="Treatment",K66,"")
A67: USR-100066 | B67: 45807 | C67: Control | D67: South | E67: Mobile | F67: Organic | G67: Free | H67: 0 | I67: 0 | J67: 0 | K67: 0 | L67: 0 | M67: 0 | N67: 0 | P67: 46.7 | Q67: =IF(C67="Control",K67,"") -> 0 | R67: =IF(C67="Treatment",K67,"")
A68: USR-100067 | B68: 45664 | C68: Control | D68: South | E68: Desktop | F68: Organic | G68: Premium | H68: 1 | I68: 0 | J68: 0 | K68: 0 | L68: 0 | M68: 1 | N68: 0 | P68: 49.6 | Q68: =IF(C68="Control",K68,"") -> 0 | R68: =IF(C68="Treatment",K68,"")
A69: USR-100068 | B69: 45785 | C69: Control | D69: West | E69: Mobile | F69: Social | G69: Free | H69: 0 | I69: 0 | J69: 0 | K69: 0 | L69: 0 | M69: 0 | N69: 0 | P69: 60.4 | Q69: =IF(C69="Control",K69,"") -> 0 | R69: =IF(C69="Treatment",K69,"")
A70: USR-100069 | B70: 45735 | C70: Control | D70: East | E70: Desktop | F70: Email | G70: Free | H70: 1 | I70: 1 | J70: 1 | K70: 0 | L70: 0 | M70: 0 | N70: 0 | P70: 55.3 | Q70: =IF(C70="Control",K70,"") -> 0 | R70: =IF(C70="Treatment",K70,"")
A71: USR-100070 | B71: 45793 | C71: Control | D71: North | E71: Desktop | F71: Organic | G71: Free | H71: 0 | I71: 0 | J71: 0 | K71: 0 | L71: 0 | M71: 0 | N71: 0 | P71: 56.2 | Q71: =IF(C71="Control",K71,"") -> 0 | R71: =IF(C71="Treatment",K71,"")
A72: USR-100071 | B72: 45724 | C72: Control | D72: West | E72: Mobile | F72: Email | G72: Free | H72: 0 | I72: 0 | J72: 0 | K72: 0 | L72: 0 | M72: 0 | N72: 0 | P72: 29.4 | Q72: =IF(C72="Control",K72,"") -> 0 | R72: =IF(C72="Treatment",K72,"")
A73: USR-100072 | B73: 45724 | C73: Control | D73: East | E73: Mobile | F73: Email | G73: Free | H73: 1 | I73: 0 | J73: 0 | K73: 0 | L73: 0 | M73: 0 | N73: 0 | P73: 54.2 | Q73: =IF(C73="Control",K73,"") -> 0 | R73: =IF(C73="Treatment",K73,"")
... A79: USR-100078 | B79: 45673 | C79: Control | D79: North | E79: Mobile | F79: Organic | G79: Free | H79: 0 | I79: 0 | J79: 0 | K79: 0 | L79: 0 | M79: 2 | N79: 0 | P79: 48.4 | Q79: =IF(C79="Control",K79,"") -> 0 | R79: =IF(C79="Treatment",K79,"")
A80: USR-100079 | B80: 45708 | C80: Control | D80: West | E80: Desktop | F80: Organic | G80: Free | H80: 1 | I80: 1 | J80: 1 | K80: 1 | L80: 457.51 | M80: 0 | N80: 0 | O80: 7 | P80: 38 | Q80: =IF(C80="Control",K80,"") -> 1 | R80: =IF(C80="Treatment",K80,"")
A81: USR-100080 | B81: 45798 | C81: Control | D81: East | E81: Mobile | F81: Social | G81: Free | H81: 1 | I81: 0 | J81: 0 | K81: 0 | L81: 0 | M81: 0 | N81: 0 | P81: 44.2 | Q81: =IF(C81="Control",K81,"") -> 0 | R81: =IF(C81="Treatment",K81,"")
A82: USR-100081 | B82: 45785 | C82: Control | D82: South | E82: Mobile | F82: Organic | G82: Free | H82: 1 | I82: 1 | J82: 1 | K82: 0 | L82: 0 | M82: 0 | N82: 0 | P82: 81.2 | Q82: =IF(C82="Control",K82,"") -> 0 | R82: =IF(C82="Treatment",K82,"")
A83: USR-100082 | B83: 45724 | C83: Control | D83: South | E83: Mobile | F83: Referral | G83: Free | H83: 1 | I83: 1 | J83: 0 | K83: 0 | L83: 0 | M83: 0 | N83: 0 | P83: 63.8 | Q83: =IF(C83="Control",K83,"") -> 0 | R83: =IF(C83="Treatment",K83,"")
A84: USR-100083 | B84: 45748 | C84: Control | D84: South | E84: Desktop | F84: Email | G84: Free | H84: 0 | I84: 0 | J84: 0 | K84: 0 | L84: 0 | M84: 0 | N84: 0 | P84: 64.7 | Q84: =IF(C84="Control",K84,"") -> 0 | R84: =IF(C84="Treatment",K84,"")
A85: USR-100084 | B85: 45719 | C85: Control | D85: West | E85: Mobile | F85: Social | G85: Basic | H85: 0 | I85: 0 | J85: 0 | K85: 0 | L85: 0 | M85: 0 | N85: 0 | P85: 60.4 | Q85: =IF(C85="Control",K85,"") -> 0 | R85: =IF(C85="Treatment",K85,"")
A86: USR-100085 | B86: 45763 | C86: Control | D86: South | E86: Mobile | F86: Paid Search | G86: Free | H86: 0 | I86: 0 | J86: 0 | K86: 0 | L86: 0 | M86: 0 | N86: 0 | P86: 66.6 | Q86: =IF(C86="Control",K86,"") -> 0 | R86: =IF(C86="Treatment",K86,"")
A87: USR-100086 | B87: 45666 | C87: Control | D87: North | E87: Desktop | F87: Organic | G87: Free | H87: 1 | I87: 0 | J87: 0 | K87: 0 | L87: 0 | M87: 0 | N87: 0 | P87: 50.9 | Q87: =IF(C87="Control",K87,"") -> 0 | R87: =IF(C87="Treatment",K87,"")
A88: USR-100087 | B88: 45679 | C88: Control | D88: West | E88: Desktop | F88: Social | G88: Basic | H88: 0 | I88: 0 | J88: 0 | K88: 0 | L88: 0 | M88: 0 | N88: 0 | P88: 51 | Q88: =IF(C88="Control",K88,"") -> 0 | R88: =IF(C88="Treatment",K88,"")
A89: USR-100088 | B89: 45777 | C89: Control | D89: South | E89: Mobile | F89: Email | G89: Premium | H89: 0 | I89: 0 | J89: 0 | K89: 0 | L89: 0 | M89: 0 | N89: 0 | P89: 65.8 | Q89: =IF(C89="Control",K89,"") -> 0 | R89: =IF(C89="Treatment",K89,"")
A90: USR-100089 | B90: 45772 | C90: Control | D90: North | E90: Mobile | F90: Referral | G90: Basic | H90: 1 | I90: 0 | J90: 0 | K90: 0 | L90: 0 | M90: 0 | N90: 0 | P90: 61.8 | Q90: =IF(C90="Control",K90,"") -> 0 | R90: =IF(C90="Treatment",K90,"")
A91: USR-100090 | B91: 45689 | C91: Control | D91: North | E91: Mobile | F91: Organic | G91: Basic | H91: 1 | I91: 0 | J91: 0 | K91: 0 | L91: 0 | M91: 0 | N91: 0 | P91: 54.5 | Q91: =IF(C91="Control",K91,"") -> 0 | R91: =IF(C91="Treatment",K91,"")
A92: USR-100091 | B92: 45770 | C92: Control | D92: South | E92: Desktop | F92: Organic | G92: Free | H92: 1 | I92: 0 | J92: 0 | K92: 0 | L92: 0 | M92: 0 | N92: 0 | P92: 72.2 | Q92: =IF(C92="Control",K92,"") -> 0 | R92: =IF(C92="Treatment",K92,"")
... A99: USR-100098 | B99: 45699 | C99: Control | D99: North | E99: Desktop | F99: Organic | G99: Premium | H99: 1 | I99: 0 | J99: 0 | K99: 0 | L99: 0 | M99: 0 | N99: 0 | P99: 63.2 | Q99: =IF(C99="Control",K99,"") -> 0 | R99: =IF(C99="Treatment",K99,"")
A100: USR-100099 | B100: 45699 | C100: Control | D100: East | E100: Desktop | F100: Social | G100: Free | H100: 1 | I100: 1 | J100: 1 | K100: 1 | L100: 363.32 | M100: 0 | N100: 0 | O100: 9 | P100: 55.9 | Q100: =IF(C100="Control",K100,"") -> 1 | R100: =IF(C100="Treatment",K100,"")
A101: USR-100100 | B101: 45803 | C101: Control | D101: North | E101: Mobile | F101: Organic | G101: Free | H101: 1 | I101: 0 | J101: 0 | K101: 0 | L101: 0 | M101: 0 | N101: 0 | P101: 63.5 | Q101: =IF(C101="Control",K101,"") -> 0 | R101: =IF(C101="Treatment",K101,"")
A102: USR-100101 | B102: 45738 | C102: Control | D102: North | E102: Mobile | F102: Paid Search | G102: Basic | H102: 1 | I102: 0 | J102: 0 | K102: 0 | L102: 0 | M102: 0 | N102: 0 | P102: 51.5 | Q102: =IF(C102="Control",K102,"") -> 0 | R102: =IF(C102="Treatment",K102,"")
A103: USR-100102 | B103: 45755 | C103: Control | D103: West | E103: Mobile | F103: Paid Search | G103: Free | H103: 1 | I103: 0 | J103: 0 | K103: 0 | L103: 0 | M103: 0 | N103: 0 | P103: 74.4 | Q103: =IF(C103="Control",K103,"") -> 0 | R103: =IF(C103="Treatment",K103,"")
A104: USR-100103 | B104: 45761 | C104: Control | D104: North | E104: Desktop | F104: Social | G104: Free | H104: 1 | I104: 1 | J104: 1 | K104: 1 | L104: 3887.98 | M104: 0 | N104: 0 | O104: 13 | P104: 60.2 | Q104: =IF(C104="Control",K104,"") -> 1 | R104: =IF(C104="Treatment",K104,"")
A105: USR-100104 | B105: 45743 | C105: Control | D105: South | E105: Mobile | F105: Email | G105: Free | H105: 1 | I105: 0 | J105: 0 | K105: 0 | L105: 0 | M105: 1 | N105: 0 | P105: 67.2 | Q105: =IF(C105="Control",K105,"") -> 0 | R105: =IF(C105="Treatment",K105,"")
A106: USR-100105 | B106: 45662 | C106: Control | D106: South | E106: Mobile | F106: Social | G106: Free | H106: 1 | I106: 1 | J106: 1 | K106: 0 | L106: 0 | M106: 0 | N106: 0 | P106: 79.6 | Q106: =IF(C106="Control",K106,"") -> 0 | R106: =IF(C106="Treatment",K106,"")
A107: USR-100106 | B107: 45682 | C107: Control | D107: South | E107: Mobile | F107: Social | G107: Basic | H107: 1 | I107: 1 | J107: 1 | K107: 1 | L107: 8610.72 | M107: 0 | N107: 0 | O107: 6 | P107: 61 | Q107: =IF(C107="Control",K107,"") -> 1 | R107: =IF(C107="Treatment",K107,"")
A108: USR-100107 | B108: 45680 | C108: Control | D108: West | E108: Mobile | F108: Email | G108: Free | H108: 1 | I108: 1 | J108: 1 | K108: 0 | L108: 0 | M108: 4 | N108: 0 | P108: 51.1 | Q108: =IF(C108="Control",K108,"") -> 0 | R108: =IF(C108="Treatment",K108,"")
A109: USR-100108 | B109: 45802 | C109: Control | D109: East | E109: Desktop | F109: Referral | G109: Free | H109: 1 | I109: 0 | J109: 0 | K109: 0 | L109: 0 | M109: 0 | N109: 0 | P109: 92.1 | Q109: =IF(C109="Control",K109,"") -> 0 | R109: =IF(C109="Treatment",K109,"")
A110: USR-100109 | B110: 45738 | C110: Control | D110: South | E110: Mobile | F110: Referral | G110: Basic | H110: 0 | I110: 0 | J110: 0 | K110: 0 | L110: 0 | M110: 0 | N110: 0 | P110: 82.1 | Q110: =IF(C110="Control",K110,"") -> 0 | R110: =IF(C110="Treatment",K110,"")
A111: USR-100110 | B111: 45700 | C111: Control | D111: West | E111: Desktop | F111: Paid Search | G111: Basic | H111: 1 | I111: 0 | J111: 0 | K111: 0 | L111: 0 | M111: 1 | N111: 0 | P111: 74 | Q111: =IF(C111="Control",K111,"") -> 0 | R111: =IF(C111="Treatment",K111,"")
A112: USR-100111 | B112: 45775 | C112: Control | D112: West | E112: Desktop | F112: Organic | G112: Basic | H112: 1 | I112: 0 | J112: 0 | K112: 0 | L112: 0 | M112: 0 | N112: 0 | P112: 63.4 | Q112: =IF(C112="Control",K112,"") -> 0 | R112: =IF(C112="Treatment",K112,"")
A113: USR-100112 | B113: 45687 | C113: Control | D113: North | E113: Mobile | F113: Organic | G113: Basic | H113: 1 | I113: 0 | J113: 0 | K113: 0 | L113: 0 | M113: 0 | N113: 0 | P113: 53.2 | Q113: =IF(C113="Control",K113,"") -> 0 | R113: =IF(C113="Treatment",K113,"")
A114: USR-100113 | B114: 45796 | C114: Control | D114: East | E114: Tablet | F114: Paid Search | G114: Free | H114: 0 | I114: 0 | J114: 0 | K114: 0 | L114: 0 | M114: 0 | N114: 0 | P114: 48.1 | Q114: =IF(C114="Control",K114,"") -> 0 | R114: =IF(C114="Treatment",K114,"")
A115: USR-100114 | B115: 45680 | C115: Control | D115: South | E115: Mobile | F115: Social | G115: Free | H115: 1 | I115: 1 | J115: 0 | K115: 0 | L115: 0 | M115: 0 | N115: 0 | P115: 61.5 | Q115: =IF(C115="Control",K115,"") -> 0 | R115: =IF(C115="Treatment",K115,"")
A116: USR-100115 | B116: 45744 | C116: Control | D116: East | E116: Desktop | F116: Social | G116: Free | H116: 1 | I116: 0 | J116: 0 | K116: 0 | L116: 0 | M116: 0 | N116: 0 | P116: 63.2 | Q116: =IF(C116="Control",K116,"") -> 0 | R116: =IF(C116="Treatment",K116,"")
A117: USR-100116 | B117: 45668 | C117: Control | D117: West | E117: Mobile | F117: Organic | G117: Free | H117: 0 | I117: 0 | J117: 0 | K117: 0 | L117: 0 | M117: 0 | N117: 0 | P117: 71.9 | Q117: =IF(C117="Control",K117,"") -> 0 | R117: =IF(C117="Treatment",K117,"")
A118: USR-100117 | B118: 45758 | C118: Control | D118: North | E118: Mobile | F118: Referral | G118: Free | H118: 0 | I118: 0 | J118: 0 | K118: 0 | L118: 0 | M118: 0 | N118: 0 | P118: 62.7 | Q118: =IF(C118="Control",K118,"") -> 0 | R118: =IF(C118="Treatment",K118,"")
A119: USR-100118 | B119: 45659 | C119: Control | D119: West | E119: Mobile | F119: Paid Search | G119: Free | H119: 1 | I119: 0 | J119: 0 | K119: 0 | L119: 0 | M119: 0 | N119: 0 | P119: 51.5 | Q119: =IF(C119="Control",K119,"") -> 0 | R119: =IF(C119="Treatment",K119,"")
... A142: USR-100141 | B142: 45676 | C142: Control | D142: South | E142: Mobile | F142: Organic | G142: Free | H142: 0 | I142: 0 | J142: 0 | K142: 0 | L142: 0 | M142: 0 | N142: 0 | P142: 49.6 | Q142: =IF(C142="Control",K142,"") -> 0 | R142: =IF(C142="Treatment",K142,"")
A143: USR-100142 | B143: 45750 | C143: Control | D143: West | E143: Desktop | F143: Social | G143: Free | H143: 1 | I143: 1 | J143: 1 | K143: 1 | L143: 404.4 | M143: 0 | N143: 0 | O143: 9 | P143: 80.6 | Q143: =IF(C143="Control",K143,"") -> 1 | R143: =IF(C143="Treatment",K143,"")
A144: USR-100143 | B144: 45754 | C144: Control | D144: North | E144: Mobile | F144: Paid Search | G144: Free | H144: 1 | I144: 0 | J144: 0 | K144: 0 | L144: 0 | M144: 0 | N144: 0 | P144: 47.9 | Q144: =IF(C144="Control",K144,"") -> 0 | R144: =IF(C144="Treatment",K144,"")
A145: USR-100144 | B145: 45663 | C145: Control | D145: East | E145: Mobile | F145: Paid Search | G145: Basic | H145: 1 | I145: 1 | J145: 0 | K145: 0 | L145: 0 | M145: 0 | N145: 0 | P145: 54.8 | Q145: =IF(C145="Control",K145,"") -> 0 | R145: =IF(C145="Treatment",K145,"")
A146: USR-100145 | B146: 45758 | C146: Control | D146: East | E146: Mobile | F146: Organic | G146: Free | H146: 1 | I146: 0 | J146: 0 | K146: 0 | L146: 0 | M146: 1 | N146: 0 | P146: 53.9 | Q146: =IF(C146="Control",K146,"") -> 0 | R146: =IF(C146="Treatment",K146,"")
A147: USR-100146 | B147: 45770 | C147: Control | D147: East | E147: Mobile | F147: Paid Search | G147: Free | H147: 1 | I147: 0 | J147: 0 | K147: 0 | L147: 0 | M147: 0 | N147: 0 | P147: 41.3 | Q147: =IF(C147="Control",K147,"") -> 0 | R147: =IF(C147="Treatment",K147,"")
A148: USR-100147 | B148: 45741 | C148: Control | D148: West | E148: Mobile | F148: Organic | G148: Basic | H148: 1 | I148: 1 | J148: 0 | K148: 0 | L148: 0 | M148: 0 | N148: 0 | P148: 38.9 | Q148: =IF(C148="Control",K148,"") -> 0 | R148: =IF(C148="Treatment",K148,"")
A149: USR-100148 | B149: 45802 | C149: Control | D149: South | E149: Desktop | F149: Organic | G149: Basic | H149: 1 | I149: 0 | J149: 0 | K149: 0 | L149: 0 | M149: 0 | N149: 0 | P149: 63.6 | Q149: =IF(C149="Control",K149,"") -> 0 | R149: =IF(C149="Treatment",K149,"")
A150: USR-100149 | B150: 45685 | C150: Control | D150: North | E150: Mobile | F150: Organic | G150: Free | H150: 1 | I150: 1 | J150: 1 | K150: 1 | L150: 577.94 | M150: 0 | N150: 0 | O150: 9 | P150: 76.6 | Q150: =IF(C150="Control",K150,"") -> 1 | R150: =IF(C150="Treatment",K150,"")
A151: USR-100150 | B151: 45700 | C151: Control | D151: West | E151: Mobile | F151: Paid Search | G151: Premium | H151: 0 | I151: 0 | J151: 0 | K151: 0 | L151: 0 | M151: 1 | N151: 0 | P151: 67.6 | Q151: =IF(C151="Control",K151,"") -> 0 | R151: =IF(C151="Treatment",K151,"")
A152: USR-100151 | B152: 45776 | C152: Control | D152: North | E152: Mobile | F152: Social | G152: Premium | H152: 1 | I152: 0 | J152: 0 | K152: 0 | L152: 0 | M152: 0 | N152: 0 | P152: 43.1 | Q152: =IF(C152="Control",K152,"") -> 0 | R152: =IF(C152="Treatment",K152,"")
A153: USR-100152 | B153: 45729 | C153: Control | D153: South | E153: Mobile | F153: Email | G153: Free | H153: 1 | I153: 0 | J153: 0 | K153: 0 | L153: 0 | M153: 0 | N153: 0 | P153: 58.3 | Q153: =IF(C153="Control",K153,"") -> 0 | R153: =IF(C153="Treatment",K153,"")
A154: USR-100153 | B154: 45692 | C154: Control | D154: East | E154: Desktop | F154: Paid Search | G154: Free | H154: 1 | I154: 0 | J154: 0 | K154: 0 | L154: 0 | M154: 0 | N154: 0 | P154: 69.8 | Q154: =IF(C154="Control",K154,"") -> 0 | R154: =IF(C154="Treatment",K154,"")
A155: USR-100154 | B155: 45720 | C155: Control | D155: South | E155: Mobile | F155: Referral | G155: Free | H155: 1 | I155: 1 | J155: 0 | K155: 0 | L155: 0 | M155: 0 | N155: 0 | Q155: =IF(C155="Control",K155,"") -> 0 | R155: =IF(C155="Treatment",K155,"")
A156: USR-100155 | B156: 45692 | C156: Control | D156: West | E156: Mobile | F156: Paid Search | G156: Basic | H156: 1 | I156: 1 | J156: 0 | K156: 0 | L156: 0 | M156: 0 | N156: 0 | P156: 41.9 | Q156: =IF(C156="Control",K156,"") -> 0 | R156: =IF(C156="Treatment",K156,"")
A157: USR-100156 | B157: 45727 | C157: Control | D157: North | E157: Desktop | F157: Organic | G157: Free | H157: 0 | I157: 0 | J157: 0 | K157: 0 | L157: 0 | M157: 0 | N157: 0 | P157: 33.1 | Q157: =IF(C157="Control",K157,"") -> 0 | R157: =IF(C157="Treatment",K157,"")
A158: USR-100157 | B158: 45769 | C158: Control | D158: West | E158: Mobile | F158: Organic | G158: Free | H158: 0 | I158: 0 | J158: 0 | K158: 0 | L158: 0 | M158: 0 | N158: 0 | P158: 58.6 | Q158: =IF(C158="Control",K158,"") -> 0 | R158: =IF(C158="Treatment",K158,"")
A159: USR-100158 | B159: 45724 | C159: Control | D159: North | E159: Desktop | F159: Paid Search | G159: Free | H159: 0 | I159: 0 | J159: 0 | K159: 0 | L159: 0 | M159: 0 | N159: 0 | P159: 55.7 | Q159: =IF(C159="Control",K159,"") -> 0 | R159: =IF(C159="Treatment",K159,"")
A160: USR-100159 | B160: 45726 | C160: Control | D160: East | E160: Mobile | F160: Organic | G160: Free | H160: 0 | I160: 0 | J160: 0 | K160: 0 | L160: 0 | M160: 2 | N160: 0 | P160: 64.9 | Q160: =IF(C160="Control",K160,"") -> 0 | R160: =IF(C160="Treatment",K160,"")
A161: USR-100160 | B161: 45795 | C161: Control | D161: North | E161: Desktop | F161: Paid Search | G161: Basic | H161: 0 | I161: 0 | J161: 0 | K161: 0 | L161: 0 | M161: 0 | N161: 0 | P161: 72.3 | Q161: =IF(C161="Control",K161,"") -> 0 | R161: =IF(C161="Treatment",K161,"")
A162: USR-100161 | B162: 45791 | C162: Control | D162: North | E162: Mobile | F162: Social | G162: Basic | H162: 0 | I162: 0 | J162: 0 | K162: 0 | L162: 0 | M162: 0 | N162: 0 | P162: 42.1 | Q162: =IF(C162="Control",K162,"") -> 0 | R162: =IF(C162="Treatment",K162,"")
A163: USR-100162 | B163: 45689 | C163: Control | D163: North | E163: Mobile | F163: Organic | G163: Free | H163: 0 | I163: 0 | J163: 0 | K163: 0 | L163: 0 | M163: 0 | N163: 0 | Q163: =IF(C163="Control",K163,"") -> 0 | R163: =IF(C163="Treatment",K163,"")
A164: USR-100163 | B164: 45758 | C164: Control | D164: South | E164: Mobile | F164: Organic | G164: Basic | H164: 0 | I164: 0 | J164: 0 | K164: 0 | L164: 0 | M164: 1 | N164: 0 | P164: 64.8 | Q164: =IF(C164="Control",K164,"") -> 0 | R164: =IF(C164="Treatment",K164,"")
A165: USR-100164 | B165: 45702 | C165: Control | D165: East | E165: Mobile | F165: Organic | G165: Free | H165: 0 | I165: 0 | J165: 0 | K165: 0 | L165: 0 | M165: 0 | N165: 0 | P165: 72.1 | Q165: =IF(C165="Control",K165,"") -> 0 | R165: =IF(C165="Treatment",K165,"")
A166: USR-100165 | B166: 45796 | C166: Control | D166: East | E166: Mobile | F166: Social | G166: Free | H166: 1 | I166: 0 | J166: 0 | K166: 0 | L166: 0 | M166: 0 | N166: 0 | P166: 50.6 | Q166: =IF(C166="Control",K166,"") -> 0 | R166: =IF(C166="Treatment",K166,"")
A167: USR-100166 | B167: 45773 | C167: Control | D167: North | E167: Desktop | F167: Paid Search | G167: Basic | H167: 1 | I167: 1 | J167: 1 | K167: 1 | L167: 1281.25 | M167: 1 | N167: 0 | O167: 9 | P167: 43.4 | Q167: =IF(C167="Control",K167,"") -> 1 | R167: =IF(C167="Treatment",K167,"")
A168: USR-100167 | B168: 45753 | C168: Control | D168: South | E168: Mobile | F168: Social | G168: Free | H168: 1 | I168: 0 | J168: 0 | K168: 0 | L168: 0 | M168: 0 | N168: 0 | P168: 59.7 | Q168: =IF(C168="Control",K168,"") -> 0 | R168: =IF(C168="Treatment",K168,"")
A169: USR-100168 | B169: 45722 | C169: Control | D169: South | E169: Mobile | F169: Paid Search | G169: Free | H169: 1 | I169: 0 | J169: 0 | K169: 0 | L169: 0 | M169: 1 | N169: 0 | Q169: =IF(C169="Control",K169,"") -> 0 | R169: =IF(C169="Treatment",K169,"")
A170: USR-100169 | B170: 45726 | C170: Control | D170: West | E170: Mobile | F170: Social | G170: Basic | H170: 0 | I170: 0 | J170: 0 | K170: 0 | L170: 0 | M170: 0 | N170: 0 | P170: 54.5 | Q170: =IF(C170="Control",K170,"") -> 0 | R170: =IF(C170="Treatment",K170,"")
A171: USR-100170 | B171: 45746 | C171: Control | D171: North | E171: Mobile | F171: Organic | G171: Free | H171: 1 | I171: 0 | J171: 0 | K171: 0 | L171: 0 | M171: 0 | N171: 0 | P171: 71.1 | Q171: =IF(C171="Control",K171,"") -> 0 | R171: =IF(C171="Treatment",K171,"")
A172: USR-100171 | B172: 45806 | C172: Control | D172: East | E172: Unknown | F172: Paid Search | G172: Free | H172: 1 | I172: 1 | J172: 1 | K172: 0 | L172: 0 | M172: 0 | N172: 0 | P172: 44.4 | Q172: =IF(C172="Control",K172,"") -> 0 | R172: =IF(C172="Treatment",K172,"")
A173: USR-100172 | B173: 45739 | C173: Control | D173: North | E173: Mobile | F173: Organic | G173: Free | H173: 1 | I173: 0 | J173: 0 | K173: 0 | L173: 0 | M173: 0 | N173: 0 | P173: 61.7 | Q173: =IF(C173="Control",K173,"") -> 0 | R173: =IF(C173="Treatment",K173,"")
A174: USR-100173 | B174: 45706 | C174: Control | D174: North | E174: Tablet | F174: Organic | G174: Basic | H174: 0 | I174: 0 | J174: 0 | K174: 0 | L174: 0 | M174: 1 | N174: 0 | P174: 81.3 | Q174: =IF(C174="Control",K174,"") -> 0 | R174: =IF(C174="Treatment",K174,"")
A175: USR-100174 | B175: 45683 | C175: Control | D175: North | E175: Desktop | F175: Email | G175: Free | H175: 1 | I175: 0 | J175: 0 | K175: 0 | L175: 0 | M175: 2 | N175: 0 | P175: 28.7 | Q175: =IF(C175="Control",K175,"") -> 0 | R175: =IF(C175="Treatment",K175,"")
A176: USR-100175 | B176: 45770 | C176: Control | D176: East | E176: Mobile | F176: Social | G176: Basic | H176: 0 | I176: 0 | J176: 0 | K176: 0 | L176: 0 | M176: 0 | N176: 0 | P176: 53 | Q176: =IF(C176="Control",K176,"") -> 0 | R176: =IF(C176="Treatment",K176,"")
A177: USR-100176 | B177: 45732 | C177: Control | D177: South | E177: Tablet | F177: Referral | G177: Basic | H177: 1 | I177: 0 | J177: 0 | K177: 0 | L177: 0 | M177: 0 | N177: 0 | P177: 54.9 | Q177: =IF(C177="Control",K177,"") -> 0 | R177: =IF(C177="Treatment",K177,"")
A178: USR-100177 | B178: 45776 | C178: Control | D178: West | E178: Mobile | F178: Organic | G178: Basic | H178: 1 | I178: 0 | J178: 0 | K178: 0 | L178: 0 | M178: 0 | N178: 0 | P178: 58.2 | Q178: =IF(C178="Control",K178,"") -> 0 | R178: =IF(C178="Treatment",K178,"")
A179: USR-100178 | B179: 45753 | C179: Control | D179: North | E179: Mobile | F179: Organic | G179: Free | H179: 0 | I179: 0 | J179: 0 | K179: 0 | L179: 0 | M179: 0 | N179: 0 | P179: 80.6 | Q179: =IF(C179="Control",K179,"") -> 0 | R179: =IF(C179="Treatment",K179,"")
...

Sheet summary
A1: Experiment Summary
A3: Metric | B3: Control | C3: Treatment
A4: User Count | B4: =COUNTIFS(experiment_data!C2:C1409,"Control") -> 690 | C4: =COUNTIFS(experiment_data!C2:C1409,"Treatment") -> 710
A5: Landing Page Visit Rate | B5: =COUNTIFS(experiment_data!C2:C1409,"Control",experiment_data!H2:H1409,1)/[1]experiment_summary!B4 -> 0.63623188 | C5: =COUNTIFS(experiment_data!C:C,"Treatment",experiment_data!H:H,1)/C4 -> 0.72394366
A6: Trial Start Rate | B6: =COUNTIFS(experiment_data!C:C,"Control",experiment_data!I:I,1)/B4 -> 0.25072464 | C6: =COUNTIFS(experiment_data!C:C,"Treatment",experiment_data!I:I,1)/C4 -> 0.29014085
A7: Onboarding Completion Rate | B7: =COUNTIFS(experiment_data!C:C,"Control",experiment_data!J:J,1)/B4 -> 0.15652174 | C7: =COUNTIFS(experiment_data!C:C,"Treatment",experiment_data!J:J,1)/C4 -> 0.21126761
A8: Paid Conversion Rate | B8: =COUNTIFS(experiment_data!C:C,"Control",experiment_data!K:K,1)/B4 -> 0.031884058 | C8: =COUNTIFS(experiment_data!C:C,"Treatment",experiment_data!K:K,1)/C4 -> 0.070422535
A9: Avg Revenue Per User | B9: =SUMIF(experiment_data!C:C,"Control",experiment_data!L:L)/B4 -> 51.974319 | C9: =SUMIF(experiment_data!C:C,"Treatment",experiment_data!L:L)/C4 -> 54.254521
A10: Avg Revenue Per Converted User | B10: =SUMIF(experiment_data!C:C,"Control",experiment_data!L:L)/COUNTIFS(experiment_data!C:C,"Control",experiment_data!K:K,1) -> 1630.1036 | C10: =SUMIF(experiment_data!C:C,"Treatment",experiment_data!L:L)/COUNTIFS(experiment_data!C:C,"Treatment",experiment_data!K:K,1) -> 770.4142
A11: Refund Rate | B11: =COUNTIFS(experiment_data!C:C,"Control",experiment_data!N:N,1)/B4 -> 0 | C11: =COUNTIFS(experiment_data!C:C,"Treatment",experiment_data!N:N,1)/C4 -> 0.0042253521
A12: Support Ticket Rate | B12: =COUNTIFS(experiment_data!C:C,"Control",experiment_data!M:M,">"&0)/B4 -> 0.14782609 | C12: =COUNTIFS(experiment_data!C:C,"Treatment",experiment_data!M:M,">"&0)/C4 -> 0.24788732
A13: Avg Engagement Score | B13: =AVERAGEIF(experiment_data!C:C,"Control",experiment_data!P:P) -> 57.029532 | C13: =AVERAGEIF(experiment_data!C:C,"Treatment",experiment_data!P:P) -> 62.940028
A14: Avg Days to Convert | B14: =AVERAGEIFS(experiment_data!O:O,experiment_data!C:C,"Control",experiment_data!K:K,1) -> 8.8636364 | C14: =AVERAGEIFS(experiment_data!O:O,experiment_data!C:C,"Treatment",experiment_data!K:K,1) -> 6.4
A17: Segment Analysis
A18: Paid Conversion Rate by Region | F18: Paid Conversion Rate by Device Type | K18: Paid Conversion Rate by Traffic Source | P18: Paid Conversion Rate by Plan Type
A20: Region | B20: Control | C20: Treatment | F20: Device Type | G20: Control | H20: Treatment | K20: Traffic Source | L20: Control | M20: Treatment | P20: Plan Type | Q20: Control | R20: Treatment
A21: North | B21: =COUNTIFS(experiment_data!C:C,"Control",experiment_data!D:D,"North",experiment_data!K:K,1)/COUNTIFS(experiment_data!C:C,"Control",experiment_data!D:D,"North") -> 0.034825871 | C21: =COUNTIFS(experiment_data!C:C,"Treatment",experiment_data!D:D,"North",experiment_data!K:K,1)/COUNTIFS(experiment_data!C:C,"Treatment",experiment_data!D:D,"North") -> 0.088888889 | F21: Mobile | G21: =COUNTIFS(experiment_data!C:C,"Control",experiment_data!E:E,"Mobile",experiment_data!K:K,1)/COUNTIFS(experiment_data!C:C,"Control",experiment_data!E:E,"Mobile") -> 0.025821596 | H21: =COUNTIFS(experiment_data!C:C,"Treatment",experiment_data!E:E,"Mobile",experiment_data!K:K,1)/COUNTIFS(experiment_data!C:C,"Treatment",experiment_data!E:E,"Mobile") -> 0.074074074 | K21: Organic | L21: =COUNTIFS(experiment_data!C:C,"Control",experiment_data!F:F,"Organic",experiment_data!K:K,1)/COUNTIFS(experiment_data!C:C,"Control",experiment_data!F:F,"Organic") -> 0.020325203 | M21: =COUNTIFS(experiment_data!C:C,"Treatment",experiment_data!F:F,"Organic",experiment_data!K:K,1)/COUNTIFS(experiment_data!C:C,"Treatment",experiment_data!F:F,"Organic") -> 0.063291139 | P21: Free | Q21: =COUNTIFS(experiment_data!C:C,"Control",experiment_data!G:G,"Free",experiment_data!K:K,1)/COUNTIFS(experiment_data!C:C,"Control",experiment_data!G:G,"Free") -> 0.030555556 | R21: =COUNTIFS(experiment_data!C:C,"Treatment",experiment_data!G:G,"Free",experiment_data!K:K,1)/COUNTIFS(experiment_data!C:C,"Treatment",experiment_data!G:G,"Free") -> 0.092896175
A22: South | B22: =COUNTIFS(experiment_data!C:C,"Control",experiment_data!D:D,"South",experiment_data!K:K,1)/COUNTIFS(experiment_data!C:C,"Control",experiment_data!D:D,"South") -> 0.032608696 | C22: =COUNTIFS(experiment_data!C:C,"Treatment",experiment_data!D:D,"South",experiment_data!K:K,1)/COUNTIFS(experiment_data!C:C,"Treatment",experiment_data!D:D,"South") -> 0.076502732 | F22: Desktop | G22: =COUNTIFS(experiment_data!C:C,"Control",experiment_data!E:E,"Desktop",experiment_data!K:K,1)/COUNTIFS(experiment_data!C:C,"Control",experiment_data!E:E,"Desktop") -> 0.045 | H22: =COUNTIFS(experiment_data!C:C,"Treatment",experiment_data!E:E,"Desktop",experiment_data!K:K,1)/COUNTIFS(experiment_data!C:C,"Treatment",experiment_data!E:E,"Desktop") -> 0.0657277 | K22: Paid Search | L22: =COUNTIFS(experiment_data!C:C,"Control",experiment_data!F:F,"Paid Search",experiment_data!K:K,1)/COUNTIFS(experiment_data!C:C,"Control",experiment_data!F:F,"Paid Search") -> 0.012903226 | M22: =COUNTIFS(experiment_data!C:C,"Treatment",experiment_data!F:F,"Paid Search",experiment_data!K:K,1)/COUNTIFS(experiment_data!C:C,"Treatment",experiment_data!F:F,"Paid Search") -> 0.0625 | P22: Basic | Q22: =COUNTIFS(experiment_data!C:C,"Control",experiment_data!G:G,"Basic",experiment_data!K:K,1)/COUNTIFS(experiment_data!C:C,"Control",experiment_data!G:G,"Basic") -> 0.036199095 | R22: =COUNTIFS(experiment_data!C:C,"Treatment",experiment_data!G:G,"Basic",experiment_data!K:K,1)/COUNTIFS(experiment_data!C:C,"Treatment",experiment_data!G:G,"Basic") -> 0.038793103
A23: East | B23: =COUNTIFS(experiment_data!C:C,"Control",experiment_data!D:D,"East",experiment_data!K:K,1)/COUNTIFS(experiment_data!C:C,"Control",experiment_data!D:D,"East") -> 0.025477707 | C23: =COUNTIFS(experiment_data!C:C,"Treatment",experiment_data!D:D,"East",experiment_data!K:K,1)/COUNTIFS(experiment_data!C:C,"Treatment",experiment_data!D:D,"East") -> 0.064705882 | F23: Tablet | G23: =COUNTIFS(experiment_data!C:C,"Control",experiment_data!E:E,"Tablet",experiment_data!K:K,1)/COUNTIFS(experiment_data!C:C,"Control",experiment_data!E:E,"Tablet") -> 0.018181818 | H23: =COUNTIFS(experiment_data!C:C,"Treatment",experiment_data!E:E,"Tablet",experiment_data!K:K,1)/COUNTIFS(experiment_data!C:C,"Treatment",experiment_data!E:E,"Tablet") -> 0.071428571 | K23: Social | L23: =COUNTIFS(experiment_data!C:C,"Control",experiment_data!F:F,"Social",experiment_data!K:K,1)/COUNTIFS(experiment_data!C:C,"Control",experiment_data!F:F,"Social") -> 0.07751938 | M23: =COUNTIFS(experiment_data!C:C,"Treatment",experiment_data!F:F,"Social",experiment_data!K:K,1)/COUNTIFS(experiment_data!C:C,"Treatment",experiment_data!F:F,"Social") -> 0.060606061 | P23: Premium | Q23: =COUNTIFS(experiment_data!C:C,"Control",experiment_data!G:G,"Premium",experiment_data!K:K,1)/COUNTIFS(experiment_data!C:C,"Control",experiment_data!G:G,"Premium") -> 0.027522936 | R23: =COUNTIFS(experiment_data!C:C,"Treatment",experiment_data!G:G,"Premium",experiment_data!K:K,1)/COUNTIFS(experiment_data!C:C,"Treatment",experiment_data!G:G,"Premium") -> 0.0625
A24: West | B24: =COUNTIFS(experiment_data!C:C,"Control",experiment_data!D:D,"West",experiment_data!K:K,1)/COUNTIFS(experiment_data!C:C,"Control",experiment_data!D:D,"West") -> 0.033783784 | C24: =COUNTIFS(experiment_data!C:C,"Treatment",experiment_data!D:D,"West",experiment_data!K:K,1)/COUNTIFS(experiment_data!C:C,"Treatment",experiment_data!D:D,"West") -> 0.050847458 | K24: Referral | L24: =COUNTIFS(experiment_data!C:C,"Control",experiment_data!F:F,"Referral",experiment_data!K:K,1)/COUNTIFS(experiment_data!C:C,"Control",experiment_data!F:F,"Referral") -> 0.024691358 | M24: =COUNTIFS(experiment_data!C:C,"Treatment",experiment_data!F:F,"Referral",experiment_data!K:K,1)/COUNTIFS(experiment_data!C:C,"Treatment",experiment_data!F:F,"Referral") -> 0.10989011
K25: Email | L25: =COUNTIFS(experiment_data!C:C,"Control",experiment_data!F:F,"Email",experiment_data!K:K,1)/COUNTIFS(experiment_data!C:C,"Control",experiment_data!F:F,"Email") -> 0.02739726 | M25: =COUNTIFS(experiment_data!C:C,"Treatment",experiment_data!F:F,"Email",experiment_data!K:K,1)/COUNTIFS(experiment_data!C:C,"Treatment",experiment_data!F:F,"Email") -> 0.071428571

Sheet hypothesis_test
A1: A/B Test — Paid Conversion Rate (Treatment vs Control)
A5: t-Test: Two-Sample Assuming Unequal Variances
B7: control_converted | C7: treatment_converted
A8: Mean | B8: 0.031884058 | C8: 0.070422535
A9: Variance | B9: 0.030912265 | C9: 0.065555533
A10: Observations | B10: 690 | C10: 710
A11: Hypothesized Mean Difference | B11: 0
A12: df | B12: 1259
A13: t Stat | B13: -3.2909778
A14: P(T<=t) one-tail | B14: 0.00051303098
A15: t Critical one-tail | B15: 1.6460648
A16: P(T<=t) two-tail | B16: 0.001026062
A17: t Critical two-tail | B17: 1.96185
